,user_id,tweet_id,created_at,text,sentiment
0,TheBabylonBee,1350956176339587077,2021-01-18 00:00:26,Archaeologists Uncover Jesus's Gulfstream Jet https://t.co/7QegYjouBs,0.10000000149011612
1,TheBabylonBee,1350941030221291524,2021-01-17 23:00:15,Biden Unveils Skin Color Chart To Determine Who Gets Federal Aid https://t.co/ti91bXswCN,0.0
2,TheBabylonBee,1350933715980070922,2021-01-17 22:31:11,üéô @The_Kyle_Mann and @AXECOP read more hate mail from a ‚Äúfan‚Äù who thinks The Babylon Bee has been making Christiani‚Ä¶ https://t.co/6drNZhqhTc,-0.20000000298023224
3,TheBabylonBee,1350925922376024064,2021-01-17 22:00:13,Terrifying New Escape Room Just Locks You In A Church Meet-And-Greet Time https://t.co/axFAscBQh5,0.0
4,TheBabylonBee,1350903271284764679,2021-01-17 20:30:13,Trump Praised For Accepting Election Results 4 Years Quicker Than Hillary Clinton Did https://t.co/FYzY1fbrn0,0.0
5,TheBabylonBee,1350880654423191553,2021-01-17 19:00:20,Church Greeters Stationed At Southern Border To Deter Immigrants https://t.co/G1XoWvfhzn,0.10000000149011612
6,TheBabylonBee,1350861698228490242,2021-01-17 17:45:01,"'Let's All Remain Peaceful,' Says Trump In Clear Incitement To Violence https://t.co/mqOVZUfI6u",0.10000000149011612
7,TheBabylonBee,1350852471124602897,2021-01-17 17:08:21,RT @Not_the_Bee: A 12-Foot Wall Is Going Up Around The Capitol To Protect Joe Biden And That's Weird Because I've Been Repeatedly Told By D‚Ä¶,-0.5
8,TheBabylonBee,1350643812943749121,2021-01-17 03:19:13,"RT @Adam4d: Spent the past 2 days with @SethDillon, @The_Kyle_Mann, and @dandillondev.

Big things planned for @TheBabylonBee and @Not_the_‚Ä¶",0.0
9,TheBabylonBee,1350593823123140616,2021-01-17 00:00:34,Trump Hides Nuclear Codes In Bible Where Pelosi Will Never Find Them https://t.co/fXrhexNwZw,-0.4000000059604645
10,TheBabylonBee,1350578671678054402,2021-01-16 23:00:22,INEQUALITY: This Woman Makes Just $13 A Day Selling Pet Rocks On Etsy While MALE Robert Downey Jr. Made Millions Pl‚Ä¶ https://t.co/YuqCfmjx0O,0.10000000149011612
11,TheBabylonBee,1350563525450612740,2021-01-16 22:00:11,FBI Finds Buffalo Guy Grazing At Yellowstone Park https://t.co/eS50RAGA2K,0.0
12,TheBabylonBee,1350540866939736064,2021-01-16 20:30:09,Poll Finds Most People OK With Raising Taxes On Other People https://t.co/Kg9kxbk4xI,0.30000001192092896
13,TheBabylonBee,1350518271196454914,2021-01-16 19:00:21,"After Capitol Riots, Sesame Street Pulls All Episodes Featuring The Letter 'Q' https://t.co/Cre9YtJ0Hc",0.0
14,TheBabylonBee,1350503081440526338,2021-01-16 18:00:00,üéô The Babylon Bee breaks down the latest shutdown of Parler and the banning of President Donald Trump from social m‚Ä¶ https://t.co/GskeBA5cSC,-0.5
15,TheBabylonBee,1350495565000421385,2021-01-16 17:30:08,Evil Fascist Dictator Censored And Voted Out Of Office https://t.co/z6WbsUfbvx,0.0
16,TheBabylonBee,1350483216801656832,2021-01-16 16:41:04,"RT @Not_the_Bee: Bill Gates has been quietly buying up 242,000 acres and is now the top private farmland owner in America. Why? https://t.c‚Ä¶",0.0
17,TheBabylonBee,1350272816076222467,2021-01-16 02:45:00,Mobs Of Women Protest Nation's Logging Companies For Equal Work https://t.co/19SQ35DHVX,0.0
18,TheBabylonBee,1350253942282866688,2021-01-16 01:30:01,Progressive Church Bans 'Jesus Loves The Little Children' For Suggesting Jesus Loves White Kids https://t.co/On5ci7AcSv,0.800000011920929
19,TheBabylonBee,1350231321218584577,2021-01-16 00:00:07,"The large crowd, moved to action by her inspiring words, then began to charge the Capitol Building. https://t.co/i9JPnfkykP",0.10000000149011612
20,TheBabylonBee,1350216210177257479,2021-01-15 23:00:04,Wife Keeps Wanting To Have Conversations With Her Husband But She Doesn‚Äôt Even Listen To His Podcast https://t.co/TS9XglL4SQ,-0.6000000238418579
21,TheBabylonBee,1350201238873387009,2021-01-15 22:00:35,Oh No! The First Question At The Gates Of Heaven Is 'Are You A Calvinist Or An Arminian?' https://t.co/hBrXhZwgfs,0.0
22,TheBabylonBee,1350178482534436870,2021-01-15 20:30:09,Ominous Sign For Joe: Presidential Restroom Replaced With Female Restroom https://t.co/tIANigUUOu,0.0
23,TheBabylonBee,1350167130675830785,2021-01-15 19:45:03,üéô Today on The Babylon Bee Podcast @The_Kyle_Mann &amp; @AXECOP talk about the week‚Äôs biggest stories like how Arminian‚Ä¶ https://t.co/OlPMmhYKrE,0.0
24,TheBabylonBee,1350155888397586433,2021-01-15 19:00:23,New Evidence Suggests Rioter Was Actually Trump Supporter Disguised As Antifa Disguised As Trump Supporter https://t.co/j6ztnBGRHZ,0.0
25,TheBabylonBee,1350136934929227777,2021-01-15 17:45:04,Smoke Signal For 'RIGGED ELECTION!' Seen Rising From White House Lawn https://t.co/nc3v9ZhRqh,0.20000000298023224
26,TheBabylonBee,1350125256372006915,2021-01-15 16:58:39,"RT @Not_the_Bee: Buffalo Guy from the Capitol riots is exactly 427% crazier than we thought
https://t.co/d6pCH5IwxV https://t.co/G2yzqczG5o",-0.10000000149011612
27,TheBabylonBee,1350118116785872897,2021-01-15 16:30:17,Husband With Mild Cold Bids Farewell To Family From Deathbed https://t.co/6HQjfz7KEW,0.4000000059604645
28,TheBabylonBee,1350102963860238337,2021-01-15 15:30:04,Least Masculine Society In Human History Decides Masculinity Is A Growing Threat https://t.co/0ddeWLOpg3,-0.10000000149011612
29,TheBabylonBee,1350080299498156033,2021-01-15 14:00:01,'1984' Moved To Current Affairs Section https://t.co/mo61jAlv3Z,0.10000000149011612
30,TheBabylonBee,1350065398683754496,2021-01-15 13:00:48,Nation's Atheists Standing Strong Despite Existence Of Bacon https://t.co/yfVaJayRLD,0.10000000149011612
31,TheBabylonBee,1349925327225692160,2021-01-15 03:44:13,"Who was really behind the attack on the Capitol? The Babylon Bee reports:
https://t.co/A8I62hKkkY",-0.20000000298023224
32,TheBabylonBee,1349910431289266179,2021-01-15 02:45:01,Christian Uses KonMari Method While Studying Bible To Remove All Verses That Don't Spark Joy https://t.co/cES8YoUVU3,-0.6000000238418579
33,TheBabylonBee,1349899105930194946,2021-01-15 02:00:01,üéô @AbigailShrier talks about the lack of science coming from transgender advocates regarding the transitioning of t‚Ä¶ https://t.co/jjJhMglW6P,-0.5
34,TheBabylonBee,1349891566907895810,2021-01-15 01:30:03,Gillette Now Including Free Manly Side Bag With Every Purchase https://t.co/XAPMvX1QF2,0.30000001192092896
35,TheBabylonBee,1349868956136468486,2021-01-15 00:00:13,Millions Kicked Out Of Heaven Following Enforcement Of New Diversity Quota https://t.co/Po4g4KrftY,0.4000000059604645
36,TheBabylonBee,1349853839948701700,2021-01-14 23:00:09,"Conservative Homeschool Families Prep For Next Four Years By Adding Armor Plating, Gatling Guns To 15-Passenger Vans https://t.co/QRTq6yYMwX",0.10000000149011612
37,TheBabylonBee,1349838798851624963,2021-01-14 22:00:23,Nightmare: Here Is The Democrats' Complete Legislative Agenda For The Next 2 Years https://t.co/lRcHFqMkGp,0.20000000298023224
38,TheBabylonBee,1349816101673299968,2021-01-14 20:30:11,Trump To Be Digitally Edited Out Of 'The Apprentice' Reruns https://t.co/cQqTTmJCij,0.20000000298023224
39,TheBabylonBee,1349804729061183489,2021-01-14 19:45:00,üéô @AbigailShrier shares how teenage girls are being told by trans activists on social media that becoming trans cou‚Ä¶ https://t.co/DFphAic2wH,-0.6000000238418579
40,TheBabylonBee,1349793574045548544,2021-01-14 19:00:40,"20,000 Troops In D.C. For Inauguration Said To Not Be Enough To Stop Trump's Battlemech https://t.co/t8xdcWl0IG",0.0
41,TheBabylonBee,1349774541560676358,2021-01-14 17:45:02,Out-Of-Work Waitress Excited To See Congress Spend Time Impeaching Trump Again https://t.co/pYmRb5J85e,0.0
42,TheBabylonBee,1349765314838409217,2021-01-14 17:08:23,RT @Not_the_Bee: This is so beautiful: Libs are freaking out because of what GOP Rep. Gohmert said on the House floor ... But he was quotin‚Ä¶,0.20000000298023224
43,TheBabylonBee,1349755813003407364,2021-01-14 16:30:37,Ocasio-Cortez Accuses Math Of Sexism https://t.co/PT4EIrc6Mn,0.4000000059604645
44,TheBabylonBee,1349740572370735104,2021-01-14 15:30:04,Mitch McConnell Sends Pelosi Shirt Reading 'I Impeached The President And All I Got Was This Lousy T-Shirt' https://t.co/LfVSjQ6AAl,-0.10000000149011612
45,TheBabylonBee,1349718225731391489,2021-01-14 14:01:16,'I'm The Student Loan Fairy And I'm Here To Pay Off Your Debts!' Cries Elizabeth Warren While Dangling On Wires Abo‚Ä¶ https://t.co/37f5ZikU3A,-0.30000001192092896
46,TheBabylonBee,1349702975317553155,2021-01-14 13:00:40,Man Wishes All These Natural Disasters And Rumors Of Wars Were Predicted In The Bible Somewhere https://t.co/XH2DiqHEte,0.0
47,TheBabylonBee,1349548040223412231,2021-01-14 02:45:00,"New Feminist Tickle Me Elmo Just Says, 'That Was Not Consensual' https://t.co/CBGsd2zekK",-0.4000000059604645
48,TheBabylonBee,1349529194439577607,2021-01-14 01:30:07,Are You Suffering From Toxic Masculinity? Know The Warning Signs https://t.co/qnjudJXsng,0.0
49,TheBabylonBee,1349506559920009216,2021-01-14 00:00:11,Pence Rolls Out Ambitious Agenda For First 100 Minutes In Office https://t.co/JPgsowQNRn,-0.10000000149011612
50,TheBabylonBee,1349491551731396611,2021-01-13 23:00:32,"In Brilliant 4D Chess Move, Trump Tricks Media Into Condemning Riots https://t.co/Di0cUHE1Wy",0.0
51,TheBabylonBee,1349476408205205504,2021-01-13 22:00:22,Pelosi Cancels Impeachment Press Conference After Remembering She Doesn't Have A Podium https://t.co/JOhzT2k8KV,-0.5
52,TheBabylonBee,1349453668249186305,2021-01-13 20:30:00,Initiative: Kamala Harris Stays Up Late Working Ahead On Biden‚Äôs 25th Amendment Proceedings https://t.co/fCLP1EDJcE,0.0
53,TheBabylonBee,1349431021624832001,2021-01-13 19:00:01,"While Scanning For Accounts That Incite Violence, Twitter Algorithm Mistakenly Bans Planned Parenthood https://t.co/TbbNBXwCQA",-0.4000000059604645
54,TheBabylonBee,1349412155846754304,2021-01-13 17:45:03,Trump Close To Filling Impeachment Punch Card For Free Sub Sandwich https://t.co/xfdaR2IVNI,0.4000000059604645
55,TheBabylonBee,1349402092956508164,2021-01-13 17:05:04,RT @Not_the_Bee: The world's biggest gun forum was booted off the Internet because they can be. https://t.co/OvuQupPgBS,-0.10000000149011612
56,TheBabylonBee,1349393312361435139,2021-01-13 16:30:10,Democrats Claim Real Impeachment Has Never Been Tried https://t.co/6G7J1mHqqu,-0.4000000059604645
57,TheBabylonBee,1349378256378716166,2021-01-13 15:30:21,Journalists Caution Against Blaming Empire For Blowing Up Alderaan https://t.co/BeJXInttjA,0.4000000059604645
58,TheBabylonBee,1349355734815940608,2021-01-13 14:00:51,KJV Publishers Switch Exclusively To Large-Print Editions https://t.co/1QHqE1Zqbf,0.10000000149011612
59,TheBabylonBee,1349340520997412865,2021-01-13 13:00:24,New Prius Includes Built-In Virtue Signals https://t.co/HGuE4vi99a,0.0
60,TheBabylonBee,1349185654228455424,2021-01-13 02:45:01,Archaeologists Discover King David's 'Make Israel Great Again' Hat https://t.co/1xlv0IPPD8,0.20000000298023224
61,TheBabylonBee,1349166826626940937,2021-01-13 01:30:12,Satan Puts Finishing Touches On New Breed Of Cat https://t.co/ZZq4JKU0yF,0.4000000059604645
62,TheBabylonBee,1349157583429509122,2021-01-13 00:53:28,"RT @SethDillon: We have a social network over at https://t.co/eXi9774dHI. Come join us. It‚Äôs not free, but it‚Äôs not Twitter, either.",0.0
63,TheBabylonBee,1349155454434349060,2021-01-13 00:45:01,Ron Paul Banned From Facebook For Inciting Dangerous Levels Of Liberty https://t.co/AA11hwnXc0,-0.10000000149011612
64,TheBabylonBee,1349144211262730242,2021-01-13 00:00:20,"Nation's Liberals Point Out That Conservatives Could Always Leave Earth, Make Free Society On Some Other Planet https://t.co/XanzaeCGPi",0.0
65,TheBabylonBee,1349129097985798147,2021-01-12 23:00:17,Biden Unveils Skin Color Chart To Determine Who Gets Federal Aid https://t.co/xztolFYb69,0.0
66,TheBabylonBee,1349116913117405184,2021-01-12 22:11:52,RT @The_Kyle_Mann: Another one of our @TheBabylonBee prophecies fulfilled https://t.co/QoU5K3yUMz,0.30000001192092896
67,TheBabylonBee,1349114002425716739,2021-01-12 22:00:18,Conservative Mental Health Up 300% After They All Get Banned From Twitter https://t.co/iuktt1ScKA,0.0
68,TheBabylonBee,1349102602835939328,2021-01-12 21:15:00,"üö® NEW BABYLON BEE ANIMATION üö®

Who is really behind Proud Boy violence? AntiFa? What about Black Lives Matter? Is i‚Ä¶ https://t.co/wjhQEIHYm2",0.0
69,TheBabylonBee,1349091310217666562,2021-01-12 20:30:07,Trump Orders Flags Lowered To Half-Staff Over Loss Of His Twitter Account https://t.co/apn28ZmVEU,-0.6000000238418579
70,TheBabylonBee,1349079962041675779,2021-01-12 19:45:02,"üéô Today on The Babylon Bee Podcast @The_Kyle_Mann &amp; @AXECOP talk to @AbigailShrier, a writer for the Wall Street Jo‚Ä¶ https://t.co/G24ITAjV35",0.0
71,TheBabylonBee,1349068798998044672,2021-01-12 19:00:40,Democrats Declare Unity Mandatory https://t.co/ejRC6zStdL,0.10000000149011612
72,TheBabylonBee,1349049777233793024,2021-01-12 17:45:05,Trump Praised For Accepting Election Results 4 Years Quicker Than Hillary Clinton Did https://t.co/DSZfXmXWdU,0.0
73,TheBabylonBee,1349038527837835264,2021-01-12 17:00:23,RT @Not_the_Bee: Well here's Joe Biden explicitly saying that his administration will be systemically racist and sexist https://t.co/Wgkv0x‚Ä¶,-0.6000000238418579
74,TheBabylonBee,1349030883316150273,2021-01-12 16:30:01,"Trump: 'If You Impeach Me Now, I Shall Become More Powerful Than You Can Possibly Imagine' https://t.co/OQLPgWy61N",0.4000000059604645
75,TheBabylonBee,1349015789060452353,2021-01-12 15:30:02,Tragic: Footage Of Epstein Suicide Found Hanging In Cell https://t.co/6Qv5OQ4e30,0.4000000059604645
76,TheBabylonBee,1348993302847229952,2021-01-12 14:00:41,Ron Swanson Teaches Seminar On Biblical Manhood https://t.co/KHJip3DedO,0.4000000059604645
77,TheBabylonBee,1348978187582242816,2021-01-12 13:00:37,How To Succeed At Multi-Level Marketing https://t.co/kcSsKvLN0R,0.0
78,TheBabylonBee,1348823268208291840,2021-01-12 02:45:01,Breaking: Family With Young Children Manages To Stay Healthy For Full Day https://t.co/LUQcGwr1ln,0.0
79,TheBabylonBee,1348804433535266816,2021-01-12 01:30:11,Progressives Admit They're Just Not Used To Killing People Who Might Fight Back https://t.co/aCxAeCwWgL,-0.699999988079071
80,TheBabylonBee,1348793067504078850,2021-01-12 00:45:01,Apple Removes All Apps Since Any Of Them Could Be Used To Incite Violence https://t.co/LAFAQgayTM,0.20000000298023224
81,TheBabylonBee,1348784504148733952,2021-01-12 00:10:59,"RT @SethDillon: Pathetic Conservative Hasn't Even Been Banned From Twitter Yet

https://t.co/BjLXNvQIoi",-0.20000000298023224
82,TheBabylonBee,1348781757412290562,2021-01-12 00:00:04,"'Let's All Remain Peaceful,' Says Trump In Clear Incitement To Violence https://t.co/QuHwEzc6Kq",0.10000000149011612
83,TheBabylonBee,1348766693498220547,2021-01-11 23:00:13,Amazon Banned From Amazon Servers For Selling Trump's Art Of The Deal https://t.co/UPn9gE9YTr,0.0
84,TheBabylonBee,1348751627960918016,2021-01-11 22:00:21,Trump Hides Nuclear Codes In Bible Where Pelosi Will Never Find Them https://t.co/ajThnsYg5l,-0.4000000059604645
85,TheBabylonBee,1348744018486845444,2021-01-11 21:30:07,FBI Finds Buffalo Guy Grazing At Yellowstone Park https://t.co/oZmG2ljs9t,0.0
86,TheBabylonBee,1348728977976942595,2021-01-11 20:30:21,"In Devastating Blow, Trump Banned From Sun Tan City https://t.co/6usqVqHl8w",0.0
87,TheBabylonBee,1348717566005555201,2021-01-11 19:45:00,The Babylon Bee made history by participating in its first wedding proposal hidden in a satire article!‚Ä¶ https://t.co/zEbqVu0GQp,0.4000000059604645
88,TheBabylonBee,1348706242923999233,2021-01-11 19:00:00,"After Capitol Riots, Sesame Street Pulls All Episodes Featuring The Letter 'Q' https://t.co/LRW41Eoylw",0.0
89,TheBabylonBee,1348694916847775750,2021-01-11 18:15:00,"üéô Tomorrow, author of ‚ÄúIRREVERSIBLE DAMAGE: The Transgender Craze Seducing Our Daughters‚Äù, @AbigailShrier joins‚Ä¶ https://t.co/1moycudviD",0.0
90,TheBabylonBee,1348687399283470342,2021-01-11 17:45:08,Evil Fascist Dictator Censored And Voted Out Of Office https://t.co/8Cnc9YdPX2,0.0
91,TheBabylonBee,1348680679047917568,2021-01-11 17:18:25,"RT @TheBabylonBee: Trump Sneaks Back On Twitter By Disguising Self As PR Rep For Chinese Communist Party
https://t.co/98m5kro8SR",0.0
92,TheBabylonBee,1348675217737076737,2021-01-11 16:56:43,RT @Not_the_Bee: Jack is straight up gloating about Parler being destroyed https://t.co/POrZi44LW4,-0.5
93,TheBabylonBee,1348668622785441792,2021-01-11 16:30:31,Pelosi Releases Limited-Edition Replica Of Dentures Worn During Trump Impeachment https://t.co/QhXnqUh2TJ,0.0
94,TheBabylonBee,1348653479292788736,2021-01-11 15:30:20,Warning: Gang Of Known Criminals Holds Meeting To Discuss How Much Of Your Money To Steal https://t.co/3v9l6Ci30k,-0.6000000238418579
95,TheBabylonBee,1348630882811342849,2021-01-11 14:00:33,Sanders Clarifies His Gulags Will Be Democratic Gulags https://t.co/AZtCCXFvnM,0.0
96,TheBabylonBee,1348615775096086531,2021-01-11 13:00:31,"In Preparation For Possible Woman President, White House Staff Begins Loosening All Jar Lids https://t.co/fCMCWMJ0j9",0.0
97,TheBabylonBee,1348430679302955008,2021-01-11 00:45:01,Experts Say Controlling Toddler During Church Service Burns More Calories Than Going To Gym https://t.co/7K2YNdBcAz,0.20000000298023224
98,TheBabylonBee,1348426604423376898,2021-01-11 00:28:49,"RT @SethDillon: Biden: 'Republicans May Have Standards, But We Have Double Standards'

That‚Äôs twice as many standards, folks.

https://t.co‚Ä¶",0.30000001192092896
99,TheBabylonBee,1348419352706641921,2021-01-11 00:00:00,Rich Young Ruler Finds Home At Lakewood Church https://t.co/abswEj8GfZ,0.0
100,TheBabylonBee,1348411802678407168,2021-01-10 23:30:00,"To Avoid Tech Censorship, The Babylon Bee Announces Innovative New Print Edition https://t.co/iSV7wW0XCS",-0.5
101,TheBabylonBee,1348404252163645441,2021-01-10 23:00:00,Mostly Peaceful Protestors Breach US Capitol https://t.co/8oQwoP6Y18,0.800000011920929
102,TheBabylonBee,1348389183845511174,2021-01-10 22:00:07,Ignorant Republicans Riot And Don't Even Get Any Big-Screen TVs https://t.co/rWo8O7sRGx,-0.699999988079071
103,TheBabylonBee,1348386183685005313,2021-01-10 21:48:12,"RT @Not_the_Bee: Instagram just pulled one of our posts for ""violence and incitement"" ... It was a screenshot of Twitter's trending topics.‚Ä¶",-0.30000001192092896
104,TheBabylonBee,1348366559430004740,2021-01-10 20:30:13,First Baptist Dallas Members Melt Golden Jewelry Down Into Towering Donald Trump Statue https://t.co/8PsCksvR8T,0.30000001192092896
105,TheBabylonBee,1348343854873915392,2021-01-10 19:00:00,Man Dies Of Old Age In Church Parking Lot After Waiting 60 Years For Wife To Finish Socializing https://t.co/QyjQIHYeWG,-0.30000001192092896
106,TheBabylonBee,1348340537514815488,2021-01-10 18:46:49,"Senators Vow To Hold Big Tech Accountable By Flying Them To D.C. And Saying Mean Things To Them
https://t.co/PZXW7v2pBc",0.0
107,TheBabylonBee,1348324982116462597,2021-01-10 17:45:01,"Congressional Prayer Lasts Two Days As Democrat Includes All 5,787 Genders https://t.co/I2qI8OLV5w",0.10000000149011612
108,TheBabylonBee,1348313300367519748,2021-01-10 16:58:35,"RT @Not_the_Bee: Really: The day after permanently banning Trump for ""inciting violence,"" Twitter allows ""Hang Mike Pence"" to trend https:/‚Ä¶",-0.6000000238418579
109,TheBabylonBee,1348064513795481603,2021-01-10 00:30:00,Supreme Court OKs Death Penalty For Commenting On Articles Without Reading Them https://t.co/j78Rc6tfqR,0.10000000149011612
110,TheBabylonBee,1348057065563049985,2021-01-10 00:00:24,Local Man's Bible Excited To Be Read For Whole First Week Of January Again https://t.co/GcW9V9ivMD,0.0
111,TheBabylonBee,1348049413998997505,2021-01-09 23:30:00,"üéô @The_Kyle_Mann &amp; @AXECOP's 2021 predictions:

While The Babylon Bee may be known to be satire, they have also bee‚Ä¶ https://t.co/CfrvUADDFY",0.10000000149011612
112,TheBabylonBee,1348041966655840257,2021-01-09 23:00:24,"Electoral College Successfully Overturned, Buffalo Guy Selected As President https://t.co/RUbwrLiMjs",0.0
113,TheBabylonBee,1348034323270795266,2021-01-09 22:30:02,Kamala Harris Recalls How As A Little Girl She Helped Slaves Escape On The Undewgwound Wailwoad https://t.co/vgM6qrSbZ5,0.5
114,TheBabylonBee,1348026765738987522,2021-01-09 22:00:00,Iran Declines To Sign Colin Kaepernick After Reviewing Workout Video https://t.co/TNMmFfQEgn,0.0
115,TheBabylonBee,1348004993354387465,2021-01-09 20:33:29,Biden Promises Nationwide Mask Mandate And Womandate https://t.co/cabr4AGNVR,0.0
116,TheBabylonBee,1347992795781492739,2021-01-09 19:45:01,"From the heart of the Shire, through the depths of Moria, to the ends of Middle-Earth, it‚Äôs The Babylon Bee Reads T‚Ä¶ https://t.co/MTp63Yylc8",0.30000001192092896
117,TheBabylonBee,1347981475237552128,2021-01-09 19:00:02,Theologians Find Going To Church Via Zoom Will Only Get You Access To Heaven Via Zoom https://t.co/pkizgoQ1LC,0.0
118,TheBabylonBee,1347961867394637825,2021-01-09 17:42:07,"RT @IMAO_: If you want to help make sure The Babylon Bee isn‚Äôt held hostage by completely arbitrary social media, consider subscribing. It‚Ä¶",-0.10000000149011612
119,TheBabylonBee,1347958818509041685,2021-01-09 17:30:00,"After Being Kicked Off Social Media, Trump Forced To Go Door To Door And Shout 'RIGGED ELECTION!' https://t.co/fmVmM7jmys",0.10000000149011612
120,TheBabylonBee,1347958184879681536,2021-01-09 17:27:29,"Study: Humanity Just A Few More Bans Away From Only Having Good Opinions On The Internet
https://t.co/OPXWbWck7V",0.0
121,TheBabylonBee,1347951462702338049,2021-01-09 17:00:47,Biden Says First Act As President Will Be To Impeach Trump https://t.co/7AmAJ1pIeL,0.0
122,TheBabylonBee,1347950514726645762,2021-01-09 16:57:01,"RT @Not_the_Bee: Remember when BLM rioters were burning down cities and Colin Kaepernick literally called for more violence? And then, inst‚Ä¶",-0.30000001192092896
123,TheBabylonBee,1347943764447395848,2021-01-09 16:30:11,Antifa Accuses Trump Supporters Of Cultural Appropriation https://t.co/9YtZ7q6cZy,0.4000000059604645
124,TheBabylonBee,1347736101839122432,2021-01-09 02:45:01,Big Tech Fights Election Interference By Interfering In Election https://t.co/bnjRhJ2yuD,0.10000000149011612
125,TheBabylonBee,1347728930732560384,2021-01-09 02:16:31,"We became reader-supported two years ago. Our subscribers have kept us afloat through attacks from Twitter, Faceboo‚Ä¶ https://t.co/r9yVZeCQpc",0.20000000298023224
126,TheBabylonBee,1347718475867820033,2021-01-09 01:34:58,Apropos of nothing in particular: https://t.co/HXUWs8G76D,-0.6000000238418579
127,TheBabylonBee,1347717234874056705,2021-01-09 01:30:02,"Opinion: Trump Is Doing The Right Thing, But He‚Äôs Doing It As Trump, Which Means It‚Äôs Still Bad https://t.co/35uCy2lEGd",-0.10000000149011612
128,TheBabylonBee,1347705901583622145,2021-01-09 00:45:00,"To Protest Siege On Capitol, Kamala Harris Helps BLM Burn Down A Target https://t.co/TYz7ZSweS6",0.4000000059604645
129,TheBabylonBee,1347699942228250624,2021-01-09 00:21:19,"Trump Sneaks Back On Twitter By Disguising Self As PR Rep For Chinese Communist Party
https://t.co/98m5kro8SR",-0.10000000149011612
130,TheBabylonBee,1347694632717725696,2021-01-09 00:00:14,Trump Begins Throwing Pence‚Äôs Belongings Out Of Window Onto White House Lawn https://t.co/vIogRutHmS,0.10000000149011612
131,TheBabylonBee,1347679550138945538,2021-01-08 23:00:18,"Upon Becoming Richest Man In World, Elon Musk Treats Himself To Side Of Guac At Chipotle https://t.co/LuLJi7ZaHr",0.0
132,TheBabylonBee,1347664426846064651,2021-01-08 22:00:12,Pelosi Calls For Capitol To Increase Presence Of Social Workers https://t.co/SFysr3jAiB,0.4000000059604645
133,TheBabylonBee,1347641805442080777,2021-01-08 20:30:19,The Top 10 Darkest Days In U.S. History https://t.co/tH0WovSRij,0.0
134,TheBabylonBee,1347630418485538830,2021-01-08 19:45:04,üéô Today on The Babylon Bee Podcast @The_Kyle_Mann &amp; @AXECOP talk about the week‚Äôs biggest stories like Biden‚Äôs new‚Ä¶ https://t.co/Z8ZQL66oyZ,0.0
135,TheBabylonBee,1347619293861732359,2021-01-08 19:00:51,Congress Upset As They're The Only Criminals Allowed In The Capitol https://t.co/Zfy9duC1Fd,0.0
136,TheBabylonBee,1347608064401305602,2021-01-08 18:16:14,"RT @Not_the_Bee: Some Humor From Yesterday's Turmoil: Lefty Twitter Hilariously Misunderstands Tweet And Calls For Arrest Of ""Via Getty"" (W‚Ä¶",0.0
137,TheBabylonBee,1347600656534745095,2021-01-08 17:46:48,Liberals Tell Everyone To Calm Down About The Siege Since The Capitol Has Insurance https://t.co/HX9mssuNFo,0.0
138,TheBabylonBee,1347584787238686720,2021-01-08 16:43:44,Frank is our second-funniest writer. Buy his books! https://t.co/heImp15IAB,0.699999988079071
139,TheBabylonBee,1347581427357986819,2021-01-08 16:30:23,Joseph Stalin To Receive International Emmy For His Outstanding Hunger Relief Efforts https://t.co/cNZsOROusA,0.10000000149011612
140,TheBabylonBee,1347573780588224514,2021-01-08 16:00:00,Comedian @MightyHeaton talks to @The_Kyle_Mann and @AXECOP about his upbringing in Oklahoma and all the bizarre tou‚Ä¶ https://t.co/dGUm1SrEjJ,-0.30000001192092896
141,TheBabylonBee,1347566280254099461,2021-01-08 15:30:12,Chuck Norris Comes Out Of Closet As Even More Of A Man https://t.co/Brvx44wmjr,0.5
142,TheBabylonBee,1347543746875957254,2021-01-08 14:00:40,Planned Parenthood Website Currently Displaying 666 Error https://t.co/VFy8yUDR1k,-0.6000000238418579
143,TheBabylonBee,1347528632739258368,2021-01-08 13:00:36,Progressive Christian Refreshes Bible App To See If God Has Updated His Stance On Homosexuality https://t.co/1EZJxmNU0D,0.20000000298023224
144,TheBabylonBee,1347373715684786177,2021-01-08 02:45:01,Culture In Which All Truth Is Relative Suddenly Concerned About Fake News https://t.co/u0CxiF8JbZ,-0.30000001192092896
145,TheBabylonBee,1347354856076562434,2021-01-08 01:30:04,Walmart Thanks Government For Completely Obliterating Their Small Business Competition https://t.co/yLJFmXkHql,0.0
146,TheBabylonBee,1347343512774311938,2021-01-08 00:45:00,"Babylon Mom: Learn To Love Yourself, Even When Your Compulsive Shopping Threatens Your Family's Finances https://t.co/G9mkRjlwD8",0.30000001192092896
147,TheBabylonBee,1347332295548665857,2021-01-08 00:00:26,"After Sufficient Amount Of Screaming, Family Is Ready For Church https://t.co/71Tpb6haXB",0.0
148,TheBabylonBee,1347317163057696768,2021-01-07 23:00:18,Trump Circumvents Twitter Ban With Emergency Alert System https://t.co/unpT0zDR0d,0.4000000059604645
149,TheBabylonBee,1347302037214679043,2021-01-07 22:00:11,CNN Gravely Reports On 'First Violent Protest In Recent Memory' https://t.co/4u5UM1s3zv,0.20000000298023224
150,TheBabylonBee,1347290666808860681,2021-01-07 21:15:01,Trump Announces He's Leaving Twitter For Myspace https://t.co/obIptx2TGi,0.0
151,TheBabylonBee,1347279340418060290,2021-01-07 20:30:00,Arminians Storm God's Throne Room To Protest Election https://t.co/F1xUzc9rHc,0.10000000149011612
152,TheBabylonBee,1347269708660289542,2021-01-07 19:51:44,"üéô @The_Kyle_Mann and @AXECOP talk to @MightyHeaton about working for a congressman in DC. 

Andrew shares how craft‚Ä¶ https://t.co/ecH1diiqIr",0.10000000149011612
153,TheBabylonBee,1347256964380839936,2021-01-07 19:01:05,"'Everyone Stop Getting Angry Over This Illegally Stolen Election That Will End This Country,' Says Trump Trying To‚Ä¶ https://t.co/ppHa7L1E0a",-0.4000000059604645
154,TheBabylonBee,1347237832268664840,2021-01-07 17:45:04,Ignorant Republicans Riot And Don't Even Get Any Big-Screen TVs https://t.co/lEPR7bX1O6,-0.699999988079071
155,TheBabylonBee,1347226255779889152,2021-01-07 16:59:04,RT @Not_the_Bee: Someone set up a concession stand in the middle of the riot at the U.S. Capitol https://t.co/RH94XOFX9R,0.0
156,TheBabylonBee,1347219049470697472,2021-01-07 16:30:26,Mysterious Tower Of Missing Trump Votes Appears In Utah Desert https://t.co/42Cr6j7e40,0.0
157,TheBabylonBee,1347203843319357448,2021-01-07 15:30:00,Sm√©agol Sets Pronouns To Ourses/Theirses https://t.co/UB4uHEkor8,0.10000000149011612
158,TheBabylonBee,1347181254567997442,2021-01-07 14:00:15,Puzzled Kenneth Copeland Discovers His Ministry Is Non-Profit https://t.co/JL0Ye3zU4O,0.30000001192092896
159,TheBabylonBee,1347166116347576321,2021-01-07 13:00:05,Woman Who Scoffs At Your Religion Still Checking Her Horoscope Every Day https://t.co/rZ8Ss60GJ4,-0.30000001192092896
160,TheBabylonBee,1347011325013053440,2021-01-07 02:45:00,"'It Is More Important To Be Morally Right Than Factually Correct,' Says Woman Who Is Neither https://t.co/crdRFzVTU5",-0.30000001192092896
161,TheBabylonBee,1346992473546096640,2021-01-07 01:30:06,Bill Clinton Calls Mike Pence's Strict Marital Practices 'Excessive' https://t.co/A6fxAWXDrz,0.0
162,TheBabylonBee,1346969827462807557,2021-01-07 00:00:07,"Nation‚Äôs Bald Eagles Fly To White House And Carry Trump Away, Ascending To MAGA Country https://t.co/c16PMuyqmn",0.0
163,TheBabylonBee,1346954700277559297,2021-01-06 23:00:00,"Electoral College Successfully Overturned, Buffalo Guy Selected As President https://t.co/z1sWtBZyjb",0.0
164,TheBabylonBee,1346944702512320515,2021-01-06 22:20:16,McConnell Returns To The Sea https://t.co/CVAfW61MOB,0.4000000059604645
165,TheBabylonBee,1346924218026500097,2021-01-06 20:58:52,Mostly-Peaceful Protestors Breach US Capitol https://t.co/g70VMx9Jro,0.800000011920929
166,TheBabylonBee,1346916966611746817,2021-01-06 20:30:04,Georgia Voter Super Excited About Being Represented By The Preferred Candidates Of California Political Donors https://t.co/xf6USRcmEL,0.10000000149011612
167,TheBabylonBee,1346894404196454411,2021-01-06 19:00:24,"CCP Flag Flies Over Capitol Marking Democrat Control Of Presidency, House, And Senate https://t.co/XSaBmhS51y",0.0
168,TheBabylonBee,1346875428707905540,2021-01-06 17:45:00,Absolute Legend: Trump Walks Away From Republican Party Without Even Looking Back At Explosion https://t.co/8ZXoGnYLtP,0.0
169,TheBabylonBee,1346864868394151936,2021-01-06 17:03:02,RT @Not_the_Bee: Guess how much of that government stimulus money has been lost to fraud so far? $36 BILLION. With a B. https://t.co/R1xjQF‚Ä¶,-0.30000001192092896
170,TheBabylonBee,1346856594382991360,2021-01-06 16:30:10,California To Issue Democrat Politicians Special ID Cards Allowing Them To Break Lockdown Rules https://t.co/b0aIzhRIfk,-0.5
171,TheBabylonBee,1346841572911034374,2021-01-06 15:30:28,Steve Carell Accepts Lifetime Achievement Award For Outstanding Work In Reaction GIFs https://t.co/39TtL8zZlI,0.4000000059604645
172,TheBabylonBee,1346819039339950083,2021-01-06 14:00:56,Ford Introduces 40-Passenger Van: 'The Homeschooler' https://t.co/yqlEJAhkuh,0.20000000298023224
173,TheBabylonBee,1346803753740087299,2021-01-06 13:00:11,Progressive Enjoying TV Show She'll Denounce As 'Extremely Problematic' Within Five Years https://t.co/vUaKO5CxM5,0.699999988079071
174,TheBabylonBee,1346648936191295489,2021-01-06 02:45:00,California Robber Agrees To Come Back In 10 Days When Victim's Gun Purchase Has Gone Through https://t.co/8hJF3XJLHE,-0.4000000059604645
175,TheBabylonBee,1346648568665239553,2021-01-06 02:43:32,"Georgia Dems Prepare To Hit Emergency Pipe Burst Button Just In Case
https://t.co/Z7WZjsbIBh",0.4000000059604645
176,TheBabylonBee,1346630062511157248,2021-01-06 01:30:00,Newsom Issues Double Stay-at-Home Order Where You Have To Stay In A Smaller House Inside Your Original House https://t.co/YNaZ2vIREJ,0.0
177,TheBabylonBee,1346607526884868098,2021-01-06 00:00:27,'Iwwegal Dwugs!' Kamala Harris Recalls Busting People For Pot Possession As A Child https://t.co/bkywDfqL0z,0.30000001192092896
178,TheBabylonBee,1346592332267851779,2021-01-05 23:00:05,U.S. Postal Service Wishes Everyone A Happy Thanksgiving https://t.co/vUcpMtS906,0.699999988079071
179,TheBabylonBee,1346577281435787265,2021-01-05 22:00:16,9 Things You Need To Know About The Georgia Election https://t.co/7bPldTlTvk,0.0
180,TheBabylonBee,1346554564292603906,2021-01-05 20:30:00,Study Finds Vaccine Only Works If You Post A Vaccination Selfie On Facebook https://t.co/BUN5ZHHh0S,-0.10000000149011612
181,TheBabylonBee,1346543247263465473,2021-01-05 19:45:02,üéô Today on The Babylon Bee Podcast @The_Kyle_Mann &amp; @AXECOP talk to¬†@mightyheaton. They dive into Andrew‚Äôs strange‚Ä¶ https://t.co/ssOJq4qcDD,0.0
182,TheBabylonBee,1346532047389655040,2021-01-05 19:00:32,Extreme New Show Has Bear Grylls Try To Survive A Day In A New York Nursing Home https://t.co/XPj438yeWc,0.0
183,TheBabylonBee,1346513064217210881,2021-01-05 17:45:06,Kamala Harris Recalls How As A Little Girl She Helped Slaves Escape On The Undewgwound Wailwoad https://t.co/noGlx6H6ab,0.5
184,TheBabylonBee,1346502124105031686,2021-01-05 17:01:37,RT @Not_the_Bee: Atheists on Reddit are freaking out about VeggieTales and it is hilarious! https://t.co/NgKksa3GiS,0.6000000238418579
185,TheBabylonBee,1346495943429005313,2021-01-05 16:37:04,"Get a quick name for your hip new church with our handy generator!

üëâ https://t.co/Qx3VTM1AZM https://t.co/2GG9H0oAxz",0.5
186,TheBabylonBee,1346479186953732098,2021-01-05 15:30:29,Follower Of Joseph Smith Urges Nation To Reject Morally Flawed Leaders https://t.co/SnkhcBKTH1,0.0
187,TheBabylonBee,1346456550362198018,2021-01-05 14:00:32,'I Caught My Wife Watching 'The Last Jedi'‚ÄîIs This Grounds For Divorce?' https://t.co/QywC3xHNXZ,0.20000000298023224
188,TheBabylonBee,1346441371318693891,2021-01-05 13:00:13,Arminian Temptress Convinces Calvinist To Shave His Beard https://t.co/wxsInKpcmP,0.4000000059604645
189,TheBabylonBee,1346286551786024962,2021-01-05 02:45:01,Franklin Graham Pushes Through Crowd In Attempt To Touch Hem Of Trump's Garment https://t.co/jMOOdNxW4S,0.10000000149011612
190,TheBabylonBee,1346267673739595777,2021-01-05 01:30:00,Study Finds Connection Between Believing Russia Rigged 2016 Election And Believing 2020 Election Was Foolproof https://t.co/968JZKH5Aj,0.0
191,TheBabylonBee,1346256351849304067,2021-01-05 00:45:01,Dire Report Warns Hospitals Are Filled To Capacity With Dancing TikTok Nurses https://t.co/OBfedT5EIr,0.0
192,TheBabylonBee,1346245151681818626,2021-01-05 00:00:30,Hillsong Rejects Justin Bieber As Pastoral Candidate For Not Having Enough Tattoos https://t.co/2GiVX83k6f,0.0
193,TheBabylonBee,1346230023167094785,2021-01-04 23:00:23,Cuomo Seen Pushing Barrels Of Vaccine Into The Hudson River https://t.co/gfvZWlPmGP,0.4000000059604645
194,TheBabylonBee,1346222375478697985,2021-01-04 22:30:00,Men‚Äôs Health Magazine Celebrates Body Positivity With First Obese Cover Model https://t.co/EXlGxUqEIg,0.4000000059604645
195,TheBabylonBee,1346214966425231363,2021-01-04 22:00:34,"Congressional Prayer Lasts Two Days As Democrat Includes All 5,787 Genders https://t.co/A7vGHiQiPk",0.10000000149011612
196,TheBabylonBee,1346203499600568320,2021-01-04 21:15:00,"üéô Tomorrow @MightyHeaton joins @The_Kyle_Mann and @AXECOP on The Babylon Bee podcast.

SUBSCRIBE TODAY! ‚ñ∂Ô∏è‚Ä¶ https://t.co/oSCdOetWMb",0.20000000298023224
197,TheBabylonBee,1346192242021691395,2021-01-04 20:30:16,'This Is Healthy': Cosmopolitan Features First-Ever Dead Cover Girls https://t.co/qT8uDMXZ9S,0.30000001192092896
198,TheBabylonBee,1346180861620854790,2021-01-04 19:45:02,Christian Feminists Replacing Hymnals With Hyrnals https://t.co/H327VUb7sP,0.10000000149011612
199,TheBabylonBee,1346169603341299712,2021-01-04 19:00:18,"Trump Seen Hanging 'Missing: 11,787 Votes' Signs Around Georgia https://t.co/7MXTh9ZICs",0.0
